Dataset,Dataset_File,OpenML_ID,Instances,Features,IR,IR_Category,Feature_Interval,Feature_Interval_Order,Fold,SVM_Kernel,Noise_Scale,SVM_Margin,Precision,Recall,AUC_PR,GMean,Generated_Samples,Synthetic_Added,Majority_Removed,Net_Row_Change,Resample_Time_s,Time_per_Instance_ms,Status,Message
Blood-transfusion,blood-transfusion-service-center,1464,748,4,3.202247191011236,Low,Features <= 10,1,1,linear,0.05,0.25,0.34,0.4722222222222222,0.3010230363555172,0.5792463342909246,19,19,117,-98,0.04119086265563965,2.167940139770508,success,
Blood-transfusion,blood-transfusion-service-center,1464,748,4,3.202247191011236,Low,Features <= 10,1,2,linear,0.05,0.25,0.325,0.3611111111111111,0.2879647623028869,0.524961708433708,21,21,122,-101,0.04143357276916504,1.973027274722145,success,
Blood-transfusion,blood-transfusion-service-center,1464,748,4,3.202247191011236,Low,Features <= 10,1,3,linear,0.05,0.25,0.3,0.25,0.263564858439702,0.4516053237297504,23,23,107,-84,0.044971466064453125,1.9552811332370925,success,
Blood-transfusion,blood-transfusion-service-center,1464,748,4,3.202247191011236,Low,Features <= 10,1,4,linear,0.05,0.25,0.3269230769230769,0.4857142857142857,0.2826253885941228,0.5801650443595701,21,21,118,-97,0.04483222961425781,2.1348680768694197,success,
Blood-transfusion,blood-transfusion-service-center,1464,748,4,3.202247191011236,Low,Features <= 10,1,5,linear,0.05,0.25,0.2549019607843137,0.37142857142857144,0.24711408592856046,0.49761335152811925,20,20,137,-117,0.050045013427734375,2.5022506713867188,success,
Blood-transfusion,blood-transfusion-service-center,1464,748,4,3.202247191011236,Low,Features <= 10,1,1,linear,0.05,0.5,0.34,0.4722222222222222,0.3010230363555172,0.5792463342909246,19,19,117,-98,0.04121899604797363,2.1694208446301912,success,
Blood-transfusion,blood-transfusion-service-center,1464,748,4,3.202247191011236,Low,Features <= 10,1,2,linear,0.05,0.5,0.325,0.3611111111111111,0.2879647623028869,0.524961708433708,21,21,122,-101,0.040909528732299805,1.9480727967761813,success,
Blood-transfusion,blood-transfusion-service-center,1464,748,4,3.202247191011236,Low,Features <= 10,1,3,linear,0.05,0.5,0.3,0.25,0.263564858439702,0.4516053237297504,23,23,107,-84,0.043206214904785156,1.878531082816746,success,
Blood-transfusion,blood-transfusion-service-center,1464,748,4,3.202247191011236,Low,Features <= 10,1,4,linear,0.05,0.5,0.3269230769230769,0.4857142857142857,0.2826253885941228,0.5801650443595701,21,21,118,-97,0.04294085502624512,2.0448026202973866,success,
Blood-transfusion,blood-transfusion-service-center,1464,748,4,3.202247191011236,Low,Features <= 10,1,5,linear,0.05,0.5,0.2549019607843137,0.37142857142857144,0.24711408592856046,0.49761335152811925,20,20,137,-117,0.07938790321350098,3.9693951606750484,success,
Blood-transfusion,blood-transfusion-service-center,1464,748,4,3.202247191011236,Low,Features <= 10,1,1,linear,0.05,0.75,0.34,0.4722222222222222,0.3010230363555172,0.5792463342909246,19,19,117,-98,0.03968453407287598,2.088659688046104,success,
Blood-transfusion,blood-transfusion-service-center,1464,748,4,3.202247191011236,Low,Features <= 10,1,2,linear,0.05,0.75,0.325,0.3611111111111111,0.2879647623028869,0.524961708433708,21,21,122,-101,0.0404658317565918,1.926944369361514,success,
Blood-transfusion,blood-transfusion-service-center,1464,748,4,3.202247191011236,Low,Features <= 10,1,3,linear,0.05,0.75,0.3,0.25,0.263564858439702,0.4516053237297504,23,23,107,-84,0.04155421257019043,1.8067048943561055,success,
Blood-transfusion,blood-transfusion-service-center,1464,748,4,3.202247191011236,Low,Features <= 10,1,4,linear,0.05,0.75,0.3269230769230769,0.4857142857142857,0.2826253885941228,0.5801650443595701,21,21,118,-97,0.04186201095581055,1.9934290931338354,success,
Blood-transfusion,blood-transfusion-service-center,1464,748,4,3.202247191011236,Low,Features <= 10,1,5,linear,0.05,0.75,0.2549019607843137,0.37142857142857144,0.24711408592856046,0.49761335152811925,20,20,137,-117,0.03967571258544922,1.983785629272461,success,
Blood-transfusion,blood-transfusion-service-center,1464,748,4,3.202247191011236,Low,Features <= 10,1,1,linear,0.05,1.0,0.34,0.4722222222222222,0.3010230363555172,0.5792463342909246,19,19,117,-98,0.04033017158508301,2.122640609741211,success,
Blood-transfusion,blood-transfusion-service-center,1464,748,4,3.202247191011236,Low,Features <= 10,1,2,linear,0.05,1.0,0.325,0.3611111111111111,0.2879647623028869,0.524961708433708,21,21,122,-101,0.04016566276550293,1.9126506078810919,success,
Blood-transfusion,blood-transfusion-service-center,1464,748,4,3.202247191011236,Low,Features <= 10,1,3,linear,0.05,1.0,0.3,0.25,0.263564858439702,0.4516053237297504,23,23,107,-84,0.03856945037841797,1.6769326251486072,success,
Blood-transfusion,blood-transfusion-service-center,1464,748,4,3.202247191011236,Low,Features <= 10,1,4,linear,0.05,1.0,0.3269230769230769,0.4857142857142857,0.2826253885941228,0.5801650443595701,21,21,118,-97,0.04145097732543945,1.9738560631161646,success,
Blood-transfusion,blood-transfusion-service-center,1464,748,4,3.202247191011236,Low,Features <= 10,1,5,linear,0.05,1.0,0.2549019607843137,0.37142857142857144,0.24711408592856046,0.49761335152811925,20,20,137,-117,0.0378875732421875,1.894378662109375,success,
Blood-transfusion,blood-transfusion-service-center,1464,748,4,3.202247191011236,Low,Features <= 10,1,1,linear,0.05,1.25,0.34,0.4722222222222222,0.3010230363555172,0.5792463342909246,19,19,117,-98,0.040008544921875,2.105712890625,success,
Blood-transfusion,blood-transfusion-service-center,1464,748,4,3.202247191011236,Low,Features <= 10,1,2,linear,0.05,1.25,0.325,0.3611111111111111,0.2879647623028869,0.524961708433708,21,21,122,-101,0.04335141181945801,2.0643529437837147,success,
Blood-transfusion,blood-transfusion-service-center,1464,748,4,3.202247191011236,Low,Features <= 10,1,3,linear,0.05,1.25,0.3,0.25,0.263564858439702,0.4516053237297504,23,23,107,-84,0.044231414794921875,1.9231049910835598,success,
Blood-transfusion,blood-transfusion-service-center,1464,748,4,3.202247191011236,Low,Features <= 10,1,4,linear,0.05,1.25,0.3269230769230769,0.4857142857142857,0.2826253885941228,0.5801650443595701,21,21,118,-97,0.044593095779418945,2.123480751400902,success,
Blood-transfusion,blood-transfusion-service-center,1464,748,4,3.202247191011236,Low,Features <= 10,1,5,linear,0.05,1.25,0.2549019607843137,0.37142857142857144,0.24711408592856046,0.49761335152811925,20,20,137,-117,0.0418095588684082,2.09047794342041,success,
Blood-transfusion,blood-transfusion-service-center,1464,748,4,3.202247191011236,Low,Features <= 10,1,1,linear,0.05,1.5,0.34,0.4722222222222222,0.3010230363555172,0.5792463342909246,19,19,117,-98,0.04085731506347656,2.1503850033408716,success,
Blood-transfusion,blood-transfusion-service-center,1464,748,4,3.202247191011236,Low,Features <= 10,1,2,linear,0.05,1.5,0.325,0.3611111111111111,0.2879647623028869,0.524961708433708,21,21,122,-101,0.04409193992614746,2.0996161869594028,success,
Blood-transfusion,blood-transfusion-service-center,1464,748,4,3.202247191011236,Low,Features <= 10,1,3,linear,0.05,1.5,0.3,0.25,0.263564858439702,0.4516053237297504,23,23,107,-84,0.0422358512878418,1.8363413603409475,success,
Blood-transfusion,blood-transfusion-service-center,1464,748,4,3.202247191011236,Low,Features <= 10,1,4,linear,0.05,1.5,0.3269230769230769,0.4857142857142857,0.2826253885941228,0.5801650443595701,21,21,118,-97,0.04170584678649902,1.985992704119001,success,
Blood-transfusion,blood-transfusion-service-center,1464,748,4,3.202247191011236,Low,Features <= 10,1,5,linear,0.05,1.5,0.2549019607843137,0.37142857142857144,0.24711408592856046,0.49761335152811925,20,20,137,-117,0.03811311721801758,1.905655860900879,success,
Blood-transfusion,blood-transfusion-service-center,1464,748,4,3.202247191011236,Low,Features <= 10,1,1,rbf,0.05,0.25,0.36363636363636365,0.5555555555555556,0.33279833872619,0.620475828224844,7,7,117,-110,0.04725241661071777,6.750345230102539,success,
Blood-transfusion,blood-transfusion-service-center,1464,748,4,3.202247191011236,Low,Features <= 10,1,2,rbf,0.05,0.25,0.36363636363636365,0.3333333333333333,0.316078110036472,0.5214689104456789,3,3,122,-119,0.04644465446472168,15.48155148824056,success,
Blood-transfusion,blood-transfusion-service-center,1464,748,4,3.202247191011236,Low,Features <= 10,1,3,rbf,0.05,0.25,0.36666666666666664,0.3055555555555556,0.2918985776128633,0.5046083923495819,4,4,107,-103,0.045593976974487305,11.398494243621826,success,
Blood-transfusion,blood-transfusion-service-center,1464,748,4,3.202247191011236,Low,Features <= 10,1,4,rbf,0.05,0.25,0.36,0.5142857142857142,0.3066658137952508,0.6082144457591213,9,9,118,-109,0.04852938652038574,5.392154057820638,success,
Blood-transfusion,blood-transfusion-service-center,1464,748,4,3.202247191011236,Low,Features <= 10,1,5,rbf,0.05,0.25,0.24528301886792453,0.37142857142857144,0.24198666934863433,0.49102215519488585,10,10,137,-127,0.0442957878112793,4.42957878112793,success,
Blood-transfusion,blood-transfusion-service-center,1464,748,4,3.202247191011236,Low,Features <= 10,1,1,rbf,0.05,0.5,0.3620689655172414,0.5833333333333334,0.3351601426123092,0.6276988513237988,14,14,117,-103,0.04641437530517578,3.31531252179827,success,
Blood-transfusion,blood-transfusion-service-center,1464,748,4,3.202247191011236,Low,Features <= 10,1,2,rbf,0.05,0.5,0.3548387096774194,0.3055555555555556,0.3014039331383267,0.5019455326415322,8,8,122,-114,0.04766035079956055,5.957543849945068,success,
Blood-transfusion,blood-transfusion-service-center,1464,748,4,3.202247191011236,Low,Features <= 10,1,3,rbf,0.05,0.5,0.36666666666666664,0.3055555555555556,0.2918985776128633,0.5046083923495819,11,11,107,-96,0.04819655418395996,4.381504925814542,success,
Blood-transfusion,blood-transfusion-service-center,1464,748,4,3.202247191011236,Low,Features <= 10,1,4,rbf,0.05,0.5,0.3673469387755102,0.5142857142857142,0.3114825321085939,0.6119118320686109,14,14,118,-104,0.046235084533691406,3.3025060381208147,success,
Blood-transfusion,blood-transfusion-service-center,1464,748,4,3.202247191011236,Low,Features <= 10,1,5,rbf,0.05,0.5,0.24528301886792453,0.37142857142857144,0.24198666934863433,0.49102215519488585,17,17,137,-120,0.04518485069274902,2.657932393691119,success,
Blood-transfusion,blood-transfusion-service-center,1464,748,4,3.202247191011236,Low,Features <= 10,1,1,rbf,0.05,0.75,0.3157894736842105,0.5,0.29610466923558953,0.5735393346764044,24,24,117,-93,0.07084107398986816,2.951711416244507,success,
Blood-transfusion,blood-transfusion-service-center,1464,748,4,3.202247191011236,Low,Features <= 10,1,2,rbf,0.05,0.75,0.34375,0.3055555555555556,0.2961821529735471,0.49926847071285524,14,14,122,-108,0.04642820358276367,3.316300255911691,success,
Blood-transfusion,blood-transfusion-service-center,1464,748,4,3.202247191011236,Low,Features <= 10,1,3,rbf,0.05,0.75,0.3142857142857143,0.3055555555555556,0.2718432008608621,0.4911497431287515,20,20,107,-87,0.04767274856567383,2.3836374282836914,success,
Blood-transfusion,blood-transfusion-service-center,1464,748,4,3.202247191011236,Low,Features <= 10,1,4,rbf,0.05,0.75,0.3333333333333333,0.4857142857142857,0.28659913993531405,0.5838254279541227,18,18,118,-100,0.05407595634460449,3.004219796922472,success,
Blood-transfusion,blood-transfusion-service-center,1464,748,4,3.202247191011236,Low,Features <= 10,1,5,rbf,0.05,0.75,0.2641509433962264,0.4,0.2528072723722538,0.5129891760425771,23,23,137,-114,0.05451774597167969,2.3703367813773775,success,
Blood-transfusion,blood-transfusion-service-center,1464,748,4,3.202247191011236,Low,Features <= 10,1,1,rbf,0.05,1.0,0.33962264150943394,0.5,0.31314864290362543,0.588635055080969,29,29,117,-88,0.054804086685180664,1.8897960925924369,success,
Blood-transfusion,blood-transfusion-service-center,1464,748,4,3.202247191011236,Low,Features <= 10,1,2,rbf,0.05,1.0,0.4166666666666667,0.4166666666666667,0.3609054234393696,0.5830199659546441,18,18,122,-104,0.055345773696899414,3.074765205383301,success,
Blood-transfusion,blood-transfusion-service-center,1464,748,4,3.202247191011236,Low,Features <= 10,1,3,rbf,0.05,1.0,0.3333333333333333,0.3055555555555556,0.2786075823309866,0.4965769768697649,29,29,107,-78,0.05328083038330078,1.8372700132172681,success,
Blood-transfusion,blood-transfusion-service-center,1464,748,4,3.202247191011236,Low,Features <= 10,1,4,rbf,0.05,1.0,0.34615384615384615,0.5142857142857142,0.2976162525272572,0.6007514091861106,20,20,118,-98,0.05302739143371582,2.651369571685791,success,
Blood-transfusion,blood-transfusion-service-center,1464,748,4,3.202247191011236,Low,Features <= 10,1,5,rbf,0.05,1.0,0.23076923076923078,0.34285714285714286,0.23373708021678347,0.47175882713251227,29,29,137,-108,0.04684042930603027,1.6151872174493198,success,
Blood-transfusion,blood-transfusion-service-center,1464,748,4,3.202247191011236,Low,Features <= 10,1,1,rbf,0.05,1.25,0.3333333333333333,0.4722222222222222,0.3096969365155235,0.5756596351964778,38,38,117,-79,0.057372093200683594,1.5097919263337787,success,
Blood-transfusion,blood-transfusion-service-center,1464,748,4,3.202247191011236,Low,Features <= 10,1,2,rbf,0.05,1.25,0.4166666666666667,0.4166666666666667,0.3609054234393696,0.5830199659546441,18,18,122,-104,0.04896950721740723,2.720528178744846,success,
Blood-transfusion,blood-transfusion-service-center,1464,748,4,3.202247191011236,Low,Features <= 10,1,3,rbf,0.05,1.25,0.3055555555555556,0.3055555555555556,0.2682719382680668,0.48841351157047286,34,34,107,-73,0.04635214805603027,1.3632984722361845,success,
Blood-transfusion,blood-transfusion-service-center,1464,748,4,3.202247191011236,Low,Features <= 10,1,4,rbf,0.05,1.25,0.3333333333333333,0.4857142857142857,0.28659913993531405,0.5838254279541227,24,24,118,-94,0.0634000301361084,2.64166792233785,success,
Blood-transfusion,blood-transfusion-service-center,1464,748,4,3.202247191011236,Low,Features <= 10,1,5,rbf,0.05,1.25,0.23076923076923078,0.34285714285714286,0.23373708021678347,0.47175882713251227,31,31,137,-106,0.04564189910888672,1.4723193260931198,success,
Blood-transfusion,blood-transfusion-service-center,1464,748,4,3.202247191011236,Low,Features <= 10,1,1,rbf,0.05,1.5,0.3090909090909091,0.4722222222222222,0.29135491820881443,0.5610836076867821,45,45,117,-72,0.05390787124633789,1.1979526943630643,success,
Blood-transfusion,blood-transfusion-service-center,1464,748,4,3.202247191011236,Low,Features <= 10,1,2,rbf,0.05,1.5,0.4358974358974359,0.4722222222222222,0.3773435240294834,0.6173261843901675,22,22,122,-100,0.051653385162353516,2.3478811437433413,success,
Blood-transfusion,blood-transfusion-service-center,1464,748,4,3.202247191011236,Low,Features <= 10,1,3,rbf,0.05,1.5,0.3333333333333333,0.3055555555555556,0.2795952420645039,0.4965769768697649,38,38,107,-69,0.04372048377990723,1.1505390468396637,success,
Blood-transfusion,blood-transfusion-service-center,1464,748,4,3.202247191011236,Low,Features <= 10,1,4,rbf,0.05,1.5,0.3958333333333333,0.5428571428571428,0.33478635795475375,0.6362090102803518,28,28,118,-90,0.0468289852142334,1.6724637576511927,success,
Blood-transfusion,blood-transfusion-service-center,1464,748,4,3.202247191011236,Low,Features <= 10,1,5,rbf,0.05,1.5,0.2978723404255319,0.4,0.2706229586303835,0.5331139899831832,36,36,137,-101,0.045308589935302734,1.258571942647298,success,
CPU small,cpu_small,735,8192,12,2.307226483649576,Low,10 < Features <= 30,2,1,linear,0.05,0.25,0.7431972789115646,0.8810483870967742,0.6907903233672379,0.8744452059435888,156,156,1020,-864,0.3030121326446533,1.9423854656708546,success,
CPU small,cpu_small,735,8192,12,2.307226483649576,Low,10 < Features <= 30,2,2,linear,0.05,0.25,0.7188498402555911,0.907258064516129,0.680248208585722,0.8761037524834432,154,154,1041,-887,1.6604101657867432,10.78188419342041,success,
CPU small,cpu_small,735,8192,12,2.307226483649576,Low,10 < Features <= 30,2,3,linear,0.05,0.25,0.7205651491365777,0.9272727272727272,0.6901384329955759,0.8847983106813586,149,149,1029,-880,1.4986183643341064,10.057841371369843,success,
CPU small,cpu_small,735,8192,12,2.307226483649576,Low,10 < Features <= 30,2,4,linear,0.05,0.25,0.7018121911037891,0.8606060606060606,0.6461083671956818,0.8510726237747188,155,155,1017,-862,0.8878445625305176,5.728029435680758,success,
CPU small,cpu_small,735,8192,12,2.307226483649576,Low,10 < Features <= 30,2,5,linear,0.05,0.25,0.6930232558139535,0.9030303030303031,0.655125030008751,0.8640601002453923,151,151,1041,-890,0.31606411933898926,2.0931398631721145,success,
CPU small,cpu_small,735,8192,12,2.307226483649576,Low,10 < Features <= 30,2,1,linear,0.05,0.5,0.7431972789115646,0.8810483870967742,0.6907903233672379,0.8744452059435888,156,156,1020,-864,0.33838868141174316,2.1691582141778407,success,
CPU small,cpu_small,735,8192,12,2.307226483649576,Low,10 < Features <= 30,2,2,linear,0.05,0.5,0.7188498402555911,0.907258064516129,0.680248208585722,0.8761037524834432,154,154,1041,-887,0.3278367519378662,2.1288100775186116,success,
CPU small,cpu_small,735,8192,12,2.307226483649576,Low,10 < Features <= 30,2,3,linear,0.05,0.5,0.7205651491365777,0.9272727272727272,0.6901384329955759,0.8847983106813586,149,149,1029,-880,0.34725403785705566,2.330564012463461,success,
CPU small,cpu_small,735,8192,12,2.307226483649576,Low,10 < Features <= 30,2,4,linear,0.05,0.5,0.7018121911037891,0.8606060606060606,0.6461083671956818,0.8510726237747188,155,155,1017,-862,0.38497304916381836,2.4836970913794736,success,
CPU small,cpu_small,735,8192,12,2.307226483649576,Low,10 < Features <= 30,2,5,linear,0.05,0.5,0.6930232558139535,0.9030303030303031,0.655125030008751,0.8640601002453923,151,151,1041,-890,0.32241129875183105,2.135174163919411,success,
CPU small,cpu_small,735,8192,12,2.307226483649576,Low,10 < Features <= 30,2,1,linear,0.05,0.75,0.7431972789115646,0.8810483870967742,0.6907903233672379,0.8744452059435888,156,156,1020,-864,0.3634340763092041,2.329705617366693,success,
CPU small,cpu_small,735,8192,12,2.307226483649576,Low,10 < Features <= 30,2,2,linear,0.05,0.75,0.7188498402555911,0.907258064516129,0.680248208585722,0.8761037524834432,154,154,1041,-887,0.32133960723876953,2.086620826225776,success,
CPU small,cpu_small,735,8192,12,2.307226483649576,Low,10 < Features <= 30,2,3,linear,0.05,0.75,0.7205651491365777,0.9272727272727272,0.6901384329955759,0.8847983106813586,149,149,1029,-880,0.3339071273803711,2.2409874320830276,success,
CPU small,cpu_small,735,8192,12,2.307226483649576,Low,10 < Features <= 30,2,4,linear,0.05,0.75,0.7018121911037891,0.8606060606060606,0.6461083671956818,0.8510726237747188,155,155,1017,-862,0.3372995853424072,2.1761263570477887,success,
CPU small,cpu_small,735,8192,12,2.307226483649576,Low,10 < Features <= 30,2,5,linear,0.05,0.75,0.6930232558139535,0.9030303030303031,0.655125030008751,0.8640601002453923,151,151,1041,-890,0.31624341011047363,2.0943272192746596,success,
CPU small,cpu_small,735,8192,12,2.307226483649576,Low,10 < Features <= 30,2,1,linear,0.05,1.0,0.7431972789115646,0.8810483870967742,0.6907903233672379,0.8744452059435888,156,156,1020,-864,0.344820499420166,2.2103878167959357,success,
CPU small,cpu_small,735,8192,12,2.307226483649576,Low,10 < Features <= 30,2,2,linear,0.05,1.0,0.7188498402555911,0.907258064516129,0.680248208585722,0.8761037524834432,154,154,1041,-887,0.42305445671081543,2.747106861758542,success,
CPU small,cpu_small,735,8192,12,2.307226483649576,Low,10 < Features <= 30,2,3,linear,0.05,1.0,0.7205651491365777,0.9272727272727272,0.6901384329955759,0.8847983106813586,149,149,1029,-880,0.32428932189941406,2.1764384020094907,success,
CPU small,cpu_small,735,8192,12,2.307226483649576,Low,10 < Features <= 30,2,4,linear,0.05,1.0,0.7018121911037891,0.8606060606060606,0.6461083671956818,0.8510726237747188,155,155,1017,-862,0.3564422130584717,2.299627181022398,success,
CPU small,cpu_small,735,8192,12,2.307226483649576,Low,10 < Features <= 30,2,5,linear,0.05,1.0,0.6930232558139535,0.9030303030303031,0.655125030008751,0.8640601002453923,151,151,1041,-890,0.328838586807251,2.1777389854784834,success,
CPU small,cpu_small,735,8192,12,2.307226483649576,Low,10 < Features <= 30,2,1,linear,0.05,1.25,0.7266666666666667,0.8790322580645161,0.6753711284746141,0.867702077157061,156,156,1020,-864,0.3275737762451172,2.0998318990071616,success,
CPU small,cpu_small,735,8192,12,2.307226483649576,Low,10 < Features <= 30,2,2,linear,0.05,1.25,0.7322314049586777,0.8931451612903226,0.6863257270097102,0.8755327852886585,154,154,1041,-887,0.34432196617126465,2.2358569231900303,success,
CPU small,cpu_small,735,8192,12,2.307226483649576,Low,10 < Features <= 30,2,3,linear,0.05,1.25,0.7205651491365777,0.9272727272727272,0.6901384329955759,0.8847983106813586,149,149,1029,-880,0.3299386501312256,2.2143533565854066,success,
CPU small,cpu_small,735,8192,12,2.307226483649576,Low,10 < Features <= 30,2,4,linear,0.05,1.25,0.7073170731707317,0.8787878787878788,0.6582117069921948,0.8604627167128043,155,155,1017,-862,0.3660542964935303,2.361640622538905,success,
CPU small,cpu_small,735,8192,12,2.307226483649576,Low,10 < Features <= 30,2,5,linear,0.05,1.25,0.6930232558139535,0.9030303030303031,0.655125030008751,0.8640601002453923,151,151,1041,-890,1.80759596824646,11.970834226797749,success,
CPU small,cpu_small,735,8192,12,2.307226483649576,Low,10 < Features <= 30,2,1,linear,0.05,1.5,0.7440677966101695,0.8850806451612904,0.6933373087011476,0.8764439404505037,156,156,1020,-864,1.7537925243377686,11.242259771395952,success,
CPU small,cpu_small,735,8192,12,2.307226483649576,Low,10 < Features <= 30,2,2,linear,0.05,1.5,0.6979332273449921,0.8850806451612904,0.6525044943716862,0.8590427106299985,154,154,1041,-887,0.49079442024230957,3.1869767548201917,success,
CPU small,cpu_small,735,8192,12,2.307226483649576,Low,10 < Features <= 30,2,3,linear,0.05,1.5,0.721259842519685,0.9252525252525252,0.6899360132430998,0.8842917790389592,149,149,1029,-880,0.32364916801452637,2.172142067211586,success,
CPU small,cpu_small,735,8192,12,2.307226483649576,Low,10 < Features <= 30,2,4,linear,0.05,1.5,0.7058823529411765,0.8727272727272727,0.6545043192102016,0.8574904704680106,155,155,1017,-862,0.3434102535247803,2.215550022740518,success,
CPU small,cpu_small,735,8192,12,2.307226483649576,Low,10 < Features <= 30,2,5,linear,0.05,1.5,0.6927803379416283,0.9111111111111111,0.6580618903199549,0.8669986128773299,151,151,1041,-890,0.3087801933288574,2.0449019425752146,success,
CPU small,cpu_small,735,8192,12,2.307226483649576,Low,10 < Features <= 30,2,1,rbf,0.05,0.25,0.7287853577371048,0.8830645161290323,0.6789519206526259,0.8701340017106725,72,72,1020,-948,0.594773530960083,8.26074348555671,success,
CPU small,cpu_small,735,8192,12,2.307226483649576,Low,10 < Features <= 30,2,2,rbf,0.05,0.25,0.7074721780604134,0.8971774193548387,0.6658445974498278,0.8676116114239103,83,83,1041,-958,0.586003303527832,7.060280765395567,success,
CPU small,cpu_small,735,8192,12,2.307226483649576,Low,10 < Features <= 30,2,3,rbf,0.05,0.25,0.7156398104265402,0.9151515151515152,0.680559882455617,0.8780849425361745,60,60,1029,-969,0.587475061416626,9.791251023610432,success,
CPU small,cpu_small,735,8192,12,2.307226483649576,Low,10 < Features <= 30,2,4,rbf,0.05,0.25,0.7321131447587355,0.8888888888888888,0.6843447733630762,0.8738891906232116,72,72,1017,-945,0.62711501121521,8.70993071132236,success,
CPU small,cpu_small,735,8192,12,2.307226483649576,Low,10 < Features <= 30,2,5,rbf,0.05,0.25,0.7200647249190939,0.898989898989899,0.6778559448462361,0.8734542412048509,64,64,1041,-977,0.5683896541595459,8.881088346242905,success,
CPU small,cpu_small,735,8192,12,2.307226483649576,Low,10 < Features <= 30,2,1,rbf,0.05,0.5,0.7280265339966833,0.8850806451612904,0.6791394976380016,0.8706821732012486,130,130,1020,-890,0.6417124271392822,4.936249439532941,success,
CPU small,cpu_small,735,8192,12,2.307226483649576,Low,10 < Features <= 30,2,2,rbf,0.05,0.5,0.6986089644513137,0.9112903225806451,0.6634812261564607,0.869379574739954,158,158,1041,-883,0.6054332256317139,3.8318558584285687,success,
CPU small,cpu_small,735,8192,12,2.307226483649576,Low,10 < Features <= 30,2,3,rbf,0.05,0.5,0.6970633693972179,0.9111111111111111,0.661964207868381,0.8688354764043721,121,121,1029,-908,0.6547071933746338,5.410803251030031,success,
CPU small,cpu_small,735,8192,12,2.307226483649576,Low,10 < Features <= 30,2,4,rbf,0.05,0.5,0.7064516129032258,0.8848484848484849,0.6599011740947225,0.8625276664838285,155,155,1017,-862,0.6468067169189453,4.1729465607673895,success,
CPU small,cpu_small,735,8192,12,2.307226483649576,Low,10 < Features <= 30,2,5,rbf,0.05,0.5,0.712,0.898989898989899,0.6706058386058386,0.870296895634211,126,126,1041,-915,0.5686922073364258,4.5134302169557605,success,
CPU small,cpu_small,735,8192,12,2.307226483649576,Low,10 < Features <= 30,2,1,rbf,0.05,0.75,0.7248322147651006,0.8709677419354839,0.670353677498081,0.8637126211877327,191,191,1020,-829,0.6028382778167725,3.156221349826034,success,
CPU small,cpu_small,735,8192,12,2.307226483649576,Low,10 < Features <= 30,2,2,rbf,0.05,0.75,0.7102803738317757,0.9193548387096774,0.6774048235990275,0.8773531441199028,208,208,1041,-833,2.41731595993042,11.621711345819326,success,
CPU small,cpu_small,735,8192,12,2.307226483649576,Low,10 < Features <= 30,2,3,rbf,0.05,0.75,0.703875968992248,0.9171717171717172,0.6706056561870516,0.8740186221328817,201,201,1029,-828,2.0975420475006104,10.435532574629901,success,
CPU small,cpu_small,735,8192,12,2.307226483649576,Low,10 < Features <= 30,2,4,rbf,0.05,0.75,0.7180327868852459,0.8848484848484849,0.6701487583454796,0.8670037093406191,234,234,1017,-783,0.6330351829528809,2.705278559627696,success,
CPU small,cpu_small,735,8192,12,2.307226483649576,Low,10 < Features <= 30,2,5,rbf,0.05,0.75,0.707936507936508,0.901010101010101,0.6677724744391411,0.8694628257202475,175,175,1041,-866,0.6113641262054443,3.493509292602539,success,
CPU small,cpu_small,735,8192,12,2.307226483649576,Low,10 < Features <= 30,2,1,rbf,0.05,1.0,0.7166392092257001,0.8770161290322581,0.6657219609291677,0.8631579799878643,258,258,1020,-762,0.627582311630249,2.4324895799622053,success,
CPU small,cpu_small,735,8192,12,2.307226483649576,Low,10 < Features <= 30,2,2,rbf,0.05,1.0,0.6942277691107644,0.8971774193548387,0.6539620128075017,0.862166296472181,264,264,1041,-777,0.6230533123016357,2.360050425384984,success,
CPU small,cpu_small,735,8192,12,2.307226483649576,Low,10 < Features <= 30,2,3,rbf,0.05,1.0,0.7136075949367089,0.9111111111111111,0.6770378355821394,0.8756893991520649,274,274,1029,-755,0.5873007774353027,2.1434334942894258,success,
CPU small,cpu_small,735,8192,12,2.307226483649576,Low,10 < Features <= 30,2,4,rbf,0.05,1.0,0.7445378151260504,0.8949494949494949,0.698069773363891,0.8808723453469187,306,306,1017,-711,0.6782333850860596,2.2164489708694757,success,
CPU small,cpu_small,735,8192,12,2.307226483649576,Low,10 < Features <= 30,2,5,rbf,0.05,1.0,0.7246376811594203,0.9090909090909091,0.6862340557992732,0.8792526272545346,234,234,1041,-807,0.5774049758911133,2.4675426320133047,success,
CPU small,cpu_small,735,8192,12,2.307226483649576,Low,10 < Features <= 30,2,1,rbf,0.05,1.25,0.6987381703470031,0.8931451612903226,0.6564114065803315,0.8624945983821052,329,329,1020,-691,0.6228139400482178,1.8930514895082606,success,
CPU small,cpu_small,735,8192,12,2.307226483649576,Low,10 < Features <= 30,2,2,rbf,0.05,1.25,0.7009493670886076,0.8931451612903226,0.6583863262507564,0.8634001047715258,343,343,1041,-698,0.5719599723815918,1.6675217853690723,success,
CPU small,cpu_small,735,8192,12,2.307226483649576,Low,10 < Features <= 30,2,3,rbf,0.05,1.25,0.7036450079239303,0.896969696969697,0.6622837806672989,0.866153204602639,366,366,1029,-663,0.6400203704833984,1.7486895368398865,success,
CPU small,cpu_small,735,8192,12,2.307226483649576,Low,10 < Features <= 30,2,4,rbf,0.05,1.25,0.7180762852404643,0.8747474747474747,0.6659864550411814,0.8629281839653843,371,371,1017,-646,0.6540887355804443,1.763042413963462,success,
CPU small,cpu_small,735,8192,12,2.307226483649576,Low,10 < Features <= 30,2,5,rbf,0.05,1.25,0.7072,0.8929292929292929,0.6638361283161284,0.8660062703024041,308,308,1041,-733,0.5645079612731934,1.8328180560817966,success,
CPU small,cpu_small,735,8192,12,2.307226483649576,Low,10 < Features <= 30,2,1,rbf,0.05,1.5,0.701095461658842,0.9032258064516129,0.6625336638478926,0.8673482922919004,393,393,1020,-627,0.6008055210113525,1.5287672290365206,success,
CPU small,cpu_small,735,8192,12,2.307226483649576,Low,10 < Features <= 30,2,2,rbf,0.05,1.5,0.6766091051805337,0.8689516129032258,0.6275989015005654,0.8440039459602263,398,398,1041,-643,1.9531621932983398,4.907442696729497,success,
CPU small,cpu_small,735,8192,12,2.307226483649576,Low,10 < Features <= 30,2,3,rbf,0.05,1.5,0.687402799377916,0.8929292929292929,0.6461586279626715,0.8578490435818372,422,422,1029,-607,2.0835540294647217,4.937331823376118,success,
CPU small,cpu_small,735,8192,12,2.307226483649576,Low,10 < Features <= 30,2,4,rbf,0.05,1.5,0.7237936772046589,0.8787878787878788,0.6726911469007975,0.8666948095449611,424,424,1017,-593,0.7045779228210449,1.6617403840118983,success,
CPU small,cpu_small,735,8192,12,2.307226483649576,Low,10 < Features <= 30,2,5,rbf,0.05,1.5,0.7198067632850241,0.9030303030303031,0.6793113488765663,0.8749634981194576,387,387,1041,-654,0.5756895542144775,1.4875699075309496,success,
Mfeat-fourier,mfeat-fourier,971,2000,76,9.0,Medium,Features > 30,3,1,linear,0.05,0.25,0.9302325581395349,1.0,0.9302325581395349,0.9958246164193104,49,49,140,-91,0.14432811737060547,2.945471783073581,success,
Mfeat-fourier,mfeat-fourier,971,2000,76,9.0,Medium,Features > 30,3,2,linear,0.05,0.25,0.9024390243902439,0.925,0.8422560975609756,0.9564111156935715,41,41,135,-94,0.1357278823852539,3.3104361557379,success,
Mfeat-fourier,mfeat-fourier,971,2000,76,9.0,Medium,Features > 30,3,3,linear,0.05,0.25,0.9090909090909091,1.0,0.9090909090909091,0.9944289260117533,51,51,135,-84,0.18478727340698242,3.623279870725146,success,
Mfeat-fourier,mfeat-fourier,971,2000,76,9.0,Medium,Features > 30,3,4,linear,0.05,0.25,0.975,0.975,0.953125,0.9860485113150704,0,0,143,-143,0.14075016975402832,,success,
Mfeat-fourier,mfeat-fourier,971,2000,76,9.0,Medium,Features > 30,3,5,linear,0.05,0.25,0.975609756097561,1.0,0.975609756097561,0.9986101452630162,10,10,136,-126,0.17271757125854492,17.271757125854492,success,
Mfeat-fourier,mfeat-fourier,971,2000,76,9.0,Medium,Features > 30,3,1,linear,0.05,0.5,0.9523809523809523,1.0,0.9523809523809523,0.9972183534434395,89,89,140,-51,0.20606517791748047,2.3153390777244995,success,
Mfeat-fourier,mfeat-fourier,971,2000,76,9.0,Medium,Features > 30,3,2,linear,0.05,0.5,0.9024390243902439,0.925,0.8422560975609756,0.9564111156935715,113,113,135,-22,0.13508391380310059,1.1954328655141644,success,
Mfeat-fourier,mfeat-fourier,971,2000,76,9.0,Medium,Features > 30,3,3,linear,0.05,0.5,0.926829268292683,0.95,0.8854878048780488,0.970609773973729,105,105,135,-30,0.15291643142700195,1.4563469659714472,success,
Mfeat-fourier,mfeat-fourier,971,2000,76,9.0,Medium,Features > 30,3,4,linear,0.05,0.5,0.975,0.975,0.953125,0.9860485113150704,0,0,143,-143,0.13814115524291992,,success,
Mfeat-fourier,mfeat-fourier,971,2000,76,9.0,Medium,Features > 30,3,5,linear,0.05,0.5,0.8888888888888888,1.0,0.8888888888888888,0.9930312739844155,17,17,136,-119,0.16896343231201172,9.939025430118337,success,
Mfeat-fourier,mfeat-fourier,971,2000,76,9.0,Medium,Features > 30,3,1,linear,0.05,0.75,0.9523809523809523,1.0,0.9523809523809523,0.9972183534434395,154,154,140,14,0.14609217643737793,0.9486504963466099,success,
Mfeat-fourier,mfeat-fourier,971,2000,76,9.0,Medium,Features > 30,3,2,linear,0.05,0.75,0.925,0.925,0.863125,0.9577534477445993,174,174,135,39,0.1327054500579834,0.7626750003332379,success,
Mfeat-fourier,mfeat-fourier,971,2000,76,9.0,Medium,Features > 30,3,3,linear,0.05,0.75,0.851063829787234,1.0,0.851063829787234,0.9902300518341965,159,159,135,24,0.15160584449768066,0.9534958773439035,success,
Mfeat-fourier,mfeat-fourier,971,2000,76,9.0,Medium,Features > 30,3,4,linear,0.05,0.75,0.975,0.975,0.953125,0.9860485113150704,0,0,143,-143,0.14283490180969238,,success,
Mfeat-fourier,mfeat-fourier,971,2000,76,9.0,Medium,Features > 30,3,5,linear,0.05,0.75,0.9090909090909091,1.0,0.9090909090909091,0.9944289260117533,30,30,136,-106,0.16462302207946777,5.487434069315593,success,
Mfeat-fourier,mfeat-fourier,971,2000,76,9.0,Medium,Features > 30,3,1,linear,0.05,1.0,0.9523809523809523,1.0,0.9523809523809523,0.9972183534434395,204,204,140,64,0.16996550559997559,0.8331642431371352,success,
Mfeat-fourier,mfeat-fourier,971,2000,76,9.0,Medium,Features > 30,3,2,linear,0.05,1.0,0.9230769230769231,0.9,0.8407692307692308,0.9447221813845592,224,224,135,89,0.13589954376220703,0.6066943917955671,success,
Mfeat-fourier,mfeat-fourier,971,2000,76,9.0,Medium,Features > 30,3,3,linear,0.05,1.0,0.9047619047619048,0.95,0.8645238095238095,0.9692494232365807,209,209,135,74,0.14792323112487793,0.7077666560998944,success,
Mfeat-fourier,mfeat-fourier,971,2000,76,9.0,Medium,Features > 30,3,4,linear,0.05,1.0,0.975,0.975,0.953125,0.9860485113150704,0,0,143,-143,0.1349172592163086,,success,
Mfeat-fourier,mfeat-fourier,971,2000,76,9.0,Medium,Features > 30,3,5,linear,0.05,1.0,0.9090909090909091,1.0,0.9090909090909091,0.9944289260117533,37,37,136,-99,0.16093206405639648,4.349515244767473,success,
Mfeat-fourier,mfeat-fourier,971,2000,76,9.0,Medium,Features > 30,3,1,linear,0.05,1.25,0.9523809523809523,1.0,0.9523809523809523,0.9972183534434395,253,253,140,113,0.14131855964660645,0.5585713820023971,success,
Mfeat-fourier,mfeat-fourier,971,2000,76,9.0,Medium,Features > 30,3,2,linear,0.05,1.25,0.9230769230769231,0.9,0.8407692307692308,0.9447221813845592,266,266,135,131,0.1323530673980713,0.4975679225491401,success,
Mfeat-fourier,mfeat-fourier,971,2000,76,9.0,Medium,Features > 30,3,3,linear,0.05,1.25,0.9047619047619048,0.95,0.8645238095238095,0.9692494232365807,256,256,135,121,0.186326265335083,0.727836973965168,success,
Mfeat-fourier,mfeat-fourier,971,2000,76,9.0,Medium,Features > 30,3,4,linear,0.05,1.25,0.975,0.975,0.953125,0.9860485113150704,0,0,143,-143,0.3609755039215088,,success,
Mfeat-fourier,mfeat-fourier,971,2000,76,9.0,Medium,Features > 30,3,5,linear,0.05,1.25,0.9090909090909091,1.0,0.9090909090909091,0.9944289260117533,46,46,136,-90,1.3170711994171143,28.631982596024223,success,
Mfeat-fourier,mfeat-fourier,971,2000,76,9.0,Medium,Features > 30,3,1,linear,0.05,1.5,0.9090909090909091,1.0,0.9090909090909091,0.9944289260117533,300,300,140,160,1.6591811180114746,5.530603726704915,success,
Mfeat-fourier,mfeat-fourier,971,2000,76,9.0,Medium,Features > 30,3,2,linear,0.05,1.5,0.9473684210526315,0.9,0.8626315789473684,0.9460443964212251,322,322,135,187,0.4289402961730957,1.3321127210344588,success,
Mfeat-fourier,mfeat-fourier,971,2000,76,9.0,Medium,Features > 30,3,3,linear,0.05,1.5,0.9047619047619048,0.95,0.8645238095238095,0.9692494232365807,324,324,135,189,0.1448678970336914,0.4471231389928747,success,
Mfeat-fourier,mfeat-fourier,971,2000,76,9.0,Medium,Features > 30,3,4,linear,0.05,1.5,0.975,0.975,0.953125,0.9860485113150704,0,0,143,-143,0.16386675834655762,,success,
Mfeat-fourier,mfeat-fourier,971,2000,76,9.0,Medium,Features > 30,3,5,linear,0.05,1.5,0.9090909090909091,1.0,0.9090909090909091,0.9944289260117533,55,55,136,-81,0.16349434852600098,2.9726245186545635,success,
Mfeat-fourier,mfeat-fourier,971,2000,76,9.0,Medium,Features > 30,3,1,rbf,0.05,0.25,0.9285714285714286,0.975,0.9078571428571429,0.9832980219648568,57,57,140,-83,0.17092156410217285,2.9986239316170673,success,
Mfeat-fourier,mfeat-fourier,971,2000,76,9.0,Medium,Features > 30,3,2,rbf,0.05,0.25,0.8604651162790697,0.925,0.8034302325581395,0.9537207837377423,12,12,135,-123,0.18718910217285156,15.59909184773763,success,
Mfeat-fourier,mfeat-fourier,971,2000,76,9.0,Medium,Features > 30,3,3,rbf,0.05,0.25,0.9512195121951219,0.975,0.9299390243902439,0.9846742270077619,58,58,135,-77,0.1863417625427246,3.2127890093573206,success,
Mfeat-fourier,mfeat-fourier,971,2000,76,9.0,Medium,Features > 30,3,4,rbf,0.05,0.25,0.975,0.975,0.953125,0.9860485113150704,0,0,143,-143,0.1524028778076172,,success,
Mfeat-fourier,mfeat-fourier,971,2000,76,9.0,Medium,Features > 30,3,5,rbf,0.05,0.25,0.9285714285714286,0.975,0.9078571428571429,0.9832980219648568,42,42,136,-94,0.21128368377685547,5.03056389944894,success,
Mfeat-fourier,mfeat-fourier,971,2000,76,9.0,Medium,Features > 30,3,1,rbf,0.05,0.5,0.9285714285714286,0.975,0.9078571428571429,0.9832980219648568,57,57,140,-83,0.18010401725769043,3.159719601012113,success,
Mfeat-fourier,mfeat-fourier,971,2000,76,9.0,Medium,Features > 30,3,2,rbf,0.05,0.5,0.9743589743589743,0.95,0.9306410256410256,0.9733247716518424,87,87,135,-48,0.16974258422851562,1.9510641865346623,success,
Mfeat-fourier,mfeat-fourier,971,2000,76,9.0,Medium,Features > 30,3,3,rbf,0.05,0.5,0.9512195121951219,0.975,0.9299390243902439,0.9846742270077619,58,58,135,-77,0.1967332363128662,3.3919523502218314,success,
Mfeat-fourier,mfeat-fourier,971,2000,76,9.0,Medium,Features > 30,3,4,rbf,0.05,0.5,0.975,0.975,0.953125,0.9860485113150704,0,0,143,-143,0.1457974910736084,,success,
Mfeat-fourier,mfeat-fourier,971,2000,76,9.0,Medium,Features > 30,3,5,rbf,0.05,0.5,0.9302325581395349,1.0,0.9302325581395349,0.9958246164193104,91,91,136,-45,0.20416474342346191,2.2435686090490323,success,
Mfeat-fourier,mfeat-fourier,971,2000,76,9.0,Medium,Features > 30,3,1,rbf,0.05,0.75,0.8863636363636364,0.975,0.8667045454545454,0.9805398173115324,44,44,140,-96,0.16761279106140137,3.8093816150318496,success,
Mfeat-fourier,mfeat-fourier,971,2000,76,9.0,Medium,Features > 30,3,2,rbf,0.05,0.75,0.9743589743589743,0.95,0.9306410256410256,0.9733247716518424,141,141,135,6,0.16249728202819824,1.1524629931077888,success,
Mfeat-fourier,mfeat-fourier,971,2000,76,9.0,Medium,Features > 30,3,3,rbf,0.05,0.75,0.9024390243902439,0.925,0.8422560975609756,0.9564111156935715,19,19,135,-116,0.18286943435668945,9.624707071404709,success,
Mfeat-fourier,mfeat-fourier,971,2000,76,9.0,Medium,Features > 30,3,4,rbf,0.05,0.75,0.975,0.975,0.953125,0.9860485113150704,0,0,143,-143,0.13834214210510254,,success,
Mfeat-fourier,mfeat-fourier,971,2000,76,9.0,Medium,Features > 30,3,5,rbf,0.05,0.75,0.8863636363636364,0.975,0.8667045454545454,0.9805398173115324,156,156,136,20,0.19794178009033203,1.2688575646816156,success,
Mfeat-fourier,mfeat-fourier,971,2000,76,9.0,Medium,Features > 30,3,1,rbf,0.05,1.0,0.9285714285714286,0.975,0.9078571428571429,0.9832980219648568,93,93,140,-47,0.17327165603637695,1.8631360864126556,success,
Mfeat-fourier,mfeat-fourier,971,2000,76,9.0,Medium,Features > 30,3,2,rbf,0.05,1.0,0.9487179487179487,0.925,0.8850641025641025,0.9590939010916039,196,196,135,61,0.1586296558380127,0.809334978765371,success,
Mfeat-fourier,mfeat-fourier,971,2000,76,9.0,Medium,Features > 30,3,3,rbf,0.05,1.0,0.9512195121951219,0.975,0.9299390243902439,0.9846742270077619,57,57,135,-78,0.17555809020996094,3.0799664949115955,success,
Mfeat-fourier,mfeat-fourier,971,2000,76,9.0,Medium,Features > 30,3,4,rbf,0.05,1.0,0.975,0.975,0.953125,0.9860485113150704,0,0,143,-143,0.13165950775146484,,success,
Mfeat-fourier,mfeat-fourier,971,2000,76,9.0,Medium,Features > 30,3,5,rbf,0.05,1.0,0.9302325581395349,1.0,0.9302325581395349,0.9958246164193104,209,209,136,73,0.19436860084533691,0.929993305480081,success,
Mfeat-fourier,mfeat-fourier,971,2000,76,9.0,Medium,Features > 30,3,1,rbf,0.05,1.25,0.9285714285714286,0.975,0.9078571428571429,0.9832980219648568,140,140,140,0,0.18461132049560547,1.3186522892543246,success,
Mfeat-fourier,mfeat-fourier,971,2000,76,9.0,Medium,Features > 30,3,2,rbf,0.05,1.25,0.95,0.95,0.9075,0.9719682207882222,255,255,135,120,0.16349434852600098,0.6411543079451019,success,
Mfeat-fourier,mfeat-fourier,971,2000,76,9.0,Medium,Features > 30,3,3,rbf,0.05,1.25,0.9512195121951219,0.975,0.9299390243902439,0.9846742270077619,102,102,135,-33,0.22278165817260742,2.184133903653014,success,
Mfeat-fourier,mfeat-fourier,971,2000,76,9.0,Medium,Features > 30,3,4,rbf,0.05,1.25,0.975,0.975,0.953125,0.9860485113150704,0,0,143,-143,0.1781907081604004,,success,
Mfeat-fourier,mfeat-fourier,971,2000,76,9.0,Medium,Features > 30,3,5,rbf,0.05,1.25,0.9302325581395349,1.0,0.9302325581395349,0.9958246164193104,260,260,136,124,0.20200443267822266,0.7769401256854718,success,
Mfeat-fourier,mfeat-fourier,971,2000,76,9.0,Medium,Features > 30,3,1,rbf,0.05,1.5,0.926829268292683,0.95,0.8854878048780488,0.970609773973729,199,199,140,59,0.1731562614440918,0.8701319670557377,success,
Mfeat-fourier,mfeat-fourier,971,2000,76,9.0,Medium,Features > 30,3,2,rbf,0.05,1.5,0.9487179487179487,0.925,0.8850641025641025,0.9590939010916039,298,298,135,163,0.9243865013122559,3.1019681252089124,success,
Mfeat-fourier,mfeat-fourier,971,2000,76,9.0,Medium,Features > 30,3,3,rbf,0.05,1.5,0.9512195121951219,0.975,0.9299390243902439,0.9846742270077619,151,151,135,16,1.4803061485290527,9.803351977013595,success,
Mfeat-fourier,mfeat-fourier,971,2000,76,9.0,Medium,Features > 30,3,4,rbf,0.05,1.5,0.975,0.975,0.953125,0.9860485113150704,0,0,143,-143,0.6521644592285156,,success,
Mfeat-fourier,mfeat-fourier,971,2000,76,9.0,Medium,Features > 30,3,5,rbf,0.05,1.5,0.8666666666666667,0.975,0.8474999999999999,0.9791578013783069,301,301,136,165,0.8046152591705322,2.6731403959153894,success,
